239151210,
239391210,
239991200,
509130210,
509130200,
509780206,
509780210,
629150200,
62915020NC,
62937020FW,
62937020FN,
629390200,
62997020FW,
62997020FN,
629990200,
33915021W,
339150210,
33915020N,
33915021N,
53995121W,
53995120FW,
53995121QI,
53995121MP,
53995120FN,
749140200,
749150200,
40911402,
97911502,
81913621I,
81914621MP,
81911462,
40911302,
469150210,
469780210,
469780200,
18161002,
38911502,
249190200,
551210200,
551710200,
231210200,
501210200,
501010200,
321710200,
3812102,
621210200,
5310112,
5317112,
271210200,
271010200,
651011200,
241010200,
552410200,
222010200,
232310200,
502310200,
50231020N,
50231020W,
322310200,
322410200,
3823102,
622310200,
62231020NC,
622410200,
622010200,
62231020BC,
5323112,
5324112,
272310200,
272010200,
462310200,
652311200,
242310200,
553620200,
224610200,
223460200,
233420200,
503420200,
50342020N,
503420208,
50342020R,
50342020W,
3834202,
623310200,
623110200,
623420200,
623421200,
623860200,
624610200,
62331020NC,
62346020NC,
62346120NC,
62331020BC,
62346020BC,
62346120BC,
33346020N,
33346020W,
273420200,
463420200,
653821200,
243820200,
